"pop","Cntrl_ama_per_cell","X","row","column","n_celulas","n_amas.x","n_cels_infec","mean_ama_cel","composto","conc","n_amas.y","corrected_ama","ama_per_cell","experiment","gene","viability","mean_value"
"C44",26.5404255319149,25,"B",6,900,19231,705,21.37,"SbIII","0",520,18711,26.5404255319149,"EXP 1","GSH1",100,100
"C44",26.5404255319149,26,"C",6,869,16735,715,19.26,"SbIII","10",405,16330,22.8391608391608,"EXP 1","GSH1",86.0542375693889,107.283779099179
"C44",26.5404255319149,27,"D",6,566,7550,428,13.34,"SbIII","25",264,7286,17.0233644859813,"EXP 1","GSH1",64.1412642970275,53.8864480624741
"C44",26.5404255319149,28,"E",6,507,5725,366,11.29,"SbIII","35",206,5519,15.0792349726776,"EXP 1","GSH1",56.8161009873214,58.6779966508489
"C44",26.5404255319149,29,"F",6,378,2574,236,6.81,"SbIII","65",95,2479,10.5042372881356,"EXP 1","GSH1",39.5782549737352,33.1028144047687
"C44",26.5404255319149,30,"G",6,339,585,142,1.726,"SbIII","100",67,518,3.64788732394366,"EXP 1","GSH1",13.7446452000443,9.82031872123397
"C58",22.6265560165975,31,"G",7,473,1095,196,2.315,"SbIII","100",67,1028,5.24489795918367,"EXP 1","GSH1",23.180275227641,28.1502240253488
"C58",22.6265560165975,32,"F",7,315,1544,185,4.902,"SbIII","65",95,1449,7.83243243243243,"EXP 1","GSH1",34.6161051937689,36.1677638093808
"C58",22.6265560165975,33,"E",7,539,3738,381,6.935,"SbIII","35",206,3532,9.27034120734908,"EXP 1","GSH1",40.9710660365144,50.6867897183699
"C58",22.6265560165975,34,"D",7,455,6416,361,14.1,"SbIII","25",264,6152,17.0415512465374,"EXP 1","GSH1",75.3165936258117,61.6337205978282
"C58",22.6265560165975,35,"C",7,843,14052,635,16.67,"SbIII","10",405,13647,21.4913385826772,"EXP 1","GSH1",94.9828094338017,100.229294385684
"C58",22.6265560165975,36,"B",7,958,16879,723,17.62,"SbIII","0",520,16359,22.6265560165975,"EXP 1","GSH1",100,100
"C6",33.0379146919431,13,"B",4,750,21433,633,28.58,"SbIII","0",520,20913,33.0379146919431,"EXP 1","GSH1",100,100
"C6",33.0379146919431,14,"C",4,819,17927,665,21.89,"SbIII","10",405,17522,26.3488721804511,"EXP 1","GSH1",79.7534360934613,98.747977836767
"C6",33.0379146919431,15,"D",4,662,11407,521,17.23,"SbIII","25",264,11143,21.3877159309021,"EXP 1","GSH1",64.7368822467415,69.3613967412365
"C6",33.0379146919431,16,"E",4,486,6401,346,13.17,"SbIII","35",206,6195,17.9046242774566,"EXP 1","GSH1",54.1941718913118,45.0157012966169
"C6",33.0379146919431,17,"F",4,332,2444,221,7.361,"SbIII","65",95,2349,10.6289592760181,"EXP 1","GSH1",32.1720041204966,26.4801746964878
"C6",33.0379146919431,18,"G",4,339,1089,168,3.212,"SbIII","100",67,1022,6.08333333333333,"EXP 1","GSH1",18.4131879692058,13.3135450532102
"C67",23.6558441558442,37,"B",8,1017,18735,770,18.42,"SbIII","0",520,18215,23.6558441558442,"EXP 1","GSH1",100,100
"C67",23.6558441558442,38,"C",8,803,16184,662,20.15,"SbIII","10",405,15779,23.8353474320242,"EXP 1","GSH1",100.758811543555,106.245398516653
"C67",23.6558441558442,39,"D",8,457,3732,331,8.166,"SbIII","25",264,3468,10.4773413897281,"EXP 1","GSH1",44.2907102393117,68.3096332750762
"C67",23.6558441558442,40,"E",8,528,3457,359,6.547,"SbIII","35",206,3251,9.05571030640668,"EXP 1","GSH1",38.2810701945272,45.4223259419144
"C67",23.6558441558442,41,"F",8,330,1200,173,3.636,"SbIII","65",95,1105,6.38728323699422,"EXP 1","GSH1",27.0008679247079,42.3043269543285
"C67",23.6558441558442,42,"G",8,262,489,110,1.866,"SbIII","100",67,422,3.83636363636364,"EXP 1","GSH1",16.2174032390887,26.5499856561878
"C67p",12.9313725490196,259,"G",5,432,298,131,2.275,"SbIII","100",56,242,1.84732824427481,"EXP 1","PGPA",14.2856316084936,26.2964125225388
"C67p",12.9313725490196,260,"F",5,402,484,189,2.561,"SbIII","65",335,149,0.788359788359788,"EXP 1","PGPA",6.09648964463218,34.2922503090753
"C67p",12.9313725490196,261,"E",5,303,444,133,3.338,"SbIII","35",109,335,2.5187969924812,"EXP 1","PGPA",19.4781875081943,52.0079178122888
"C67p",12.9313725490196,262,"D",5,613,1847,323,5.718,"SbIII","25",95,1752,5.42414860681115,"EXP 1","PGPA",41.9456526076374,78.6336719798035
"C67p",12.9313725490196,263,"C",5,1684,11377,1158,9.825,"SbIII","10",235,11142,9.62176165803109,"EXP 1","PGPA",74.4063448915218,94.5211707490702
"C67p",12.9313725490196,264,"B",5,1364,11972,918,13.04,"SbIII","0",101,11871,12.9313725490196,"EXP 1","PGPA",100,100
"C68",14.3,265,"B",6,978,10397,720,14.44,"SbIII","0",101,10296,14.3,"EXP 1","PGPA",100,100
"C68",14.3,266,"C",6,1006,9309,743,12.53,"SbIII","10",235,9074,12.2126514131898,"EXP 1","PGPA",85.403156735593,99.668032681507
"C68",14.3,267,"D",6,629,1821,342,5.325,"SbIII","25",95,1726,5.04678362573099,"EXP 1","PGPA",35.29219318693,73.1663699956563
"C68",14.3,268,"E",6,405,575,167,3.443,"SbIII","35",109,466,2.79041916167665,"EXP 1","PGPA",19.5134207110255,49.2379786457763
"C68",14.3,269,"F",6,312,488,159,3.069,"SbIII","65",335,153,0.962264150943396,"EXP 1","PGPA",6.7291199366671,23.3430171142306
"C68",14.3,270,"G",6,181,189,76,2.487,"SbIII","100",56,133,1.75,"EXP 1","PGPA",12.2377622377622,32.7685033710961
"C7",26.7518573551263,19,"G",5,434,1491,251,3.435,"SbIII","100",67,1424,5.67330677290837,"EXP 1","GSH1",21.2071509562727,14.4510373956683
"C7",26.7518573551263,20,"F",5,431,2945,286,6.833,"SbIII","65",95,2850,9.96503496503496,"EXP 1","GSH1",37.2498807568792,27.9354563594141
"C7",26.7518573551263,21,"E",5,470,4708,357,10.02,"SbIII","35",206,4502,12.6106442577031,"EXP 1","GSH1",47.1393222919028,64.1331458650449
"C7",26.7518573551263,22,"D",5,720,14700,616,20.42,"SbIII","25",264,14436,23.4350649350649,"EXP 1","GSH1",87.6016368656892,100.872763386628
"C7",26.7518573551263,23,"C",5,813,18910,642,23.26,"SbIII","10",405,18505,28.8239875389408,"EXP 1","GSH1",107.745743244319,105.194337651041
"C7",26.7518573551263,24,"B",5,821,18524,673,22.56,"SbIII","0",520,18004,26.7518573551263,"EXP 1","GSH1",100,100
"C73",30.1916859122402,43,"G",9,457,807,182,1.766,"SbIII","100",67,740,4.06593406593407,"EXP 1","GSH1",13.4670653296829,16.7204860815098
"C73",30.1916859122402,44,"F",9,307,1699,205,5.534,"SbIII","65",95,1604,7.82439024390244,"EXP 1","GSH1",25.9157115857856,20.8404511056236
"C73",30.1916859122402,45,"E",9,450,6489,328,14.42,"SbIII","35",206,6283,19.155487804878,"EXP 1","GSH1",63.4462343724636,51.2230425582754
"C73",30.1916859122402,46,"D",9,605,10309,492,17.04,"SbIII","25",264,10045,20.4166666666667,"EXP 1","GSH1",67.6234733165048,62.9036591586644
"C73",30.1916859122402,47,"C",9,803,22915,675,28.54,"SbIII","10",405,22510,33.3481481481481,"EXP 1","GSH1",110.454739907811,100.053010259564
"C73",30.1916859122402,48,"B",9,1077,26666,866,24.76,"SbIII","0",520,26146,30.1916859122402,"EXP 1","GSH1",100,100
"C76",17.850864999473,49,"B",10,825,18339,716,22.23,"SbIII","0",520,17819,24.8868715083799,"EXP 1","GSH1",139.415493361889,100
"C76",17.850864999473,50,"C",10,742,23339,661,31.45,"SbIII","10",405,22934,34.695915279879,"EXP 1","GSH1",194.365456693014,101.122223296293
"C76",17.850864999473,51,"D",10,600,11554,509,19.26,"SbIII","25",264,11290,22.180746561886,"EXP 1","GSH1",124.255864141827,93.2565369389539
"C76",17.850864999473,52,"E",10,724,8969,578,12.39,"SbIII","35",206,8763,15.1608996539792,"EXP 1","GSH1",84.9308963707183,67.668785925818
"C76",17.850864999473,53,"F",10,386,3533,257,9.153,"SbIII","65",95,3438,13.3774319066148,"EXP 1","GSH1",74.9399645732001,38.7480964647074
"C76",17.850864999473,54,"G",10,347,948,201,2.732,"SbIII","100",67,881,4.38308457711443,"EXP 1","GSH1",24.5539058036899,14.5050269923466
"C76",17.850864999473,253,"B",4,1250,9272,848,10.93,"SbIII","0",101,9171,10.814858490566,"EXP 1","PGPA",60.5845066381114,100
"C76",17.850864999473,254,"C",4,1547,12026,1114,10.8,"SbIII","10",235,11791,10.5843806104129,"EXP 1","PGPA",59.2933765995396,101.122223296293
"C76",17.850864999473,255,"D",4,846,6561,540,12.15,"SbIII","25",95,6466,11.9740740740741,"EXP 1","PGPA",67.0783968980082,93.2565369389539
"C76",17.850864999473,256,"E",4,347,849,176,4.824,"SbIII","35",109,740,4.20454545454545,"EXP 1","PGPA",23.5537350972605,67.668785925818
"C76",17.850864999473,257,"F",4,169,285,98,2.908,"SbIII","65",335,0,0,"EXP 1","PGPA",0,38.7480964647074
"C76",17.850864999473,258,"G",4,136,39,23,1.696,"SbIII","100",56,0,0,"EXP 1","PGPA",0,14.5050269923466
"C85",30.9267676767677,55,"G",11,467,2004,214,4.291,"SbIII","100",67,1937,9.05140186915888,"EXP 1","GSH1",29.2672094405725,28.4964082313368
"C85",30.9267676767677,56,"F",11,432,3656,243,8.463,"SbIII","65",95,3561,14.6543209876543,"EXP 1","GSH1",47.3839398310696,46.2127963729697
"C85",30.9267676767677,57,"E",11,651,7398,460,11.36,"SbIII","35",206,7192,15.6347826086957,"EXP 1","GSH1",50.5542084840654,62.6584153793343
"C85",30.9267676767677,58,"D",11,656,7064,479,10.77,"SbIII","25",264,6800,14.19624217119,"EXP 1","GSH1",45.9027672065913,68.2112941824814
"C85",30.9267676767677,59,"C",11,985,11730,667,11.91,"SbIII","10",405,11325,16.9790104947526,"EXP 1","GSH1",54.9006953206665,86.6486777986216
"C85",30.9267676767677,60,"B",11,1010,25014,792,24.77,"SbIII","0",520,24494,30.9267676767677,"EXP 1","GSH1",100,100
"REF",13.5450618292591,7,"G",3,329,665,121,2.021,"SbIII","100",67,598,4.94214876033058,"EXP 1","GSH1",36.4867198291772,27.7542312933348
"REF",13.5450618292591,8,"F",3,291,1293,167,4.443,"SbIII","65",95,1198,7.17365269461078,"EXP 1","GSH1",52.9613875893485,38.0217090780054
"REF",13.5450618292591,9,"E",3,384,2953,234,7.69,"SbIII","35",206,2747,11.7393162393162,"EXP 1","GSH1",86.6686057789547,66.6466181026712
"REF",13.5450618292591,10,"D",3,652,6646,429,10.19,"SbIII","25",264,6382,14.8764568764569,"EXP 1","GSH1",109.829375930362,84.3496694217327
"REF",13.5450618292591,11,"C",3,797,10315,573,12.94,"SbIII","10",405,9910,17.2949389179756,"EXP 1","GSH1",127.684459000522,106.563927811704
"REF",13.5450618292591,12,"B",3,1002,11790,698,11.77,"SbIII","0",520,11270,16.1461318051576,"EXP 1","GSH1",119.203086768345,100
"REF",13.5450618292591,247,"G",3,89,20,12,1.667,"SbIII","100",56,0,0,"EXP 1","PGPA",0,27.7542312933348
"REF",13.5450618292591,248,"F",3,83,20,14,1.429,"SbIII","65",335,0,0,"EXP 1","PGPA",0,38.0217090780054
"REF",13.5450618292591,249,"E",3,771,3057,440,6.948,"SbIII","35",109,2948,6.7,"EXP 1","PGPA",49.4645213470133,66.6466181026712
"REF",13.5450618292591,250,"D",3,1016,9067,656,13.82,"SbIII","25",95,8972,13.6768292682927,"EXP 1","PGPA",100.972807955361,84.3496694217327
"REF",13.5450618292591,251,"C",3,990,8424,666,12.65,"SbIII","10",235,8189,12.2957957957958,"EXP 1","PGPA",90.7769632268147,106.563927811704
"REF",13.5450618292591,252,"B",3,1378,10848,982,11.05,"SbIII","0",101,10747,10.9439918533605,"EXP 1","PGPA",80.7969132316553,100
"C44",8.2,73,"B",4,216,1070,130,4.954,"SbIII","0",4,1066,8.2,"EXP 2","GSH1",100,100
"C44",8.2,74,"C",4,118,424,51,3.593,"SbIII","10",3,421,8.25490196078431,"EXP 2","GSH1",100.669536107126,107.283779099179
"C44",8.2,75,"D",4,68,129,32,1.897,"SbIII","25",6,123,3.84375,"EXP 2","GSH1",46.875,53.8864480624741
"C44",8.2,76,"E",4,91,181,45,1.989,"SbIII","35",7,174,3.86666666666667,"EXP 2","GSH1",47.1544715447155,58.6779966508489
"C44",8.2,77,"F",4,62,33,19,0.5323,"SbIII","65",1,32,1.68421052631579,"EXP 2","GSH1",20.5391527599487,33.1028144047687
"C44",8.2,78,"G",4,31,15,10,0.4839,"SbIII","100",3,12,1.2,"EXP 2","GSH1",14.6341463414634,9.82031872123397
"C58",6.54761904761905,85,"B",6,153,554,84,3.621,"SbIII","0",4,550,6.54761904761905,"EXP 2","GSH1",100,100
"C58",6.54761904761905,86,"C",6,114,507,74,4.447,"SbIII","10",3,504,6.81081081081081,"EXP 2","GSH1",104.019656019656,100.229294385684
"C58",6.54761904761905,87,"D",6,56,20,11,0.3571,"SbIII","25",6,14,1.27272727272727,"EXP 2","GSH1",19.4380165289256,61.6337205978282
"C58",6.54761904761905,88,"E",6,79,94,30,1.19,"SbIII","35",7,87,2.9,"EXP 2","GSH1",44.2909090909091,50.6867897183699
"C58",6.54761904761905,89,"F",6,58,45,14,0.7759,"SbIII","65",1,44,3.14285714285714,"EXP 2","GSH1",47.9999999999999,36.1677638093808
"C58",6.54761904761905,90,"G",6,25,14,6,0.56,"SbIII","100",3,11,1.83333333333333,"EXP 2","GSH1",27.9999999999999,28.1502240253488
"C6",19.1935483870968,79,"G",5,43,24,14,0.5581,"SbIII","100",3,21,1.5,"EXP 2","GSH1",7.81512605042016,13.3135450532102
"C6",19.1935483870968,80,"F",5,31,20,6,0.6452,"SbIII","65",1,19,3.16666666666667,"EXP 2","GSH1",16.4985994397759,26.4801746964878
"C6",19.1935483870968,81,"E",5,40,110,23,2.75,"SbIII","35",7,103,4.47826086956522,"EXP 2","GSH1",23.3321154548776,45.0157012966169
"C6",19.1935483870968,82,"D",5,90,309,55,3.433,"SbIII","25",6,303,5.50909090909091,"EXP 2","GSH1",28.7028265851795,69.3613967412365
"C6",19.1935483870968,83,"C",5,173,2081,139,12.03,"SbIII","10",3,2078,14.9496402877698,"EXP 2","GSH1",77.8888821715736,98.747977836767
"C6",19.1935483870968,84,"B",5,221,3574,186,16.17,"SbIII","0",4,3570,19.1935483870968,"EXP 2","GSH1",100,100
"C67",8.83552631578947,97,"B",8,221,1347,152,6.095,"SbIII","0",4,1343,8.83552631578947,"EXP 2","GSH1",100,100
"C67",8.83552631578947,98,"C",8,148,1123,104,7.588,"SbIII","10",3,1120,10.7692307692308,"EXP 2","GSH1",121.885560455926,106.245398516653
"C67",8.83552631578947,99,"D",8,33,114,17,3.455,"SbIII","25",6,108,6.35294117647059,"EXP 2","GSH1",71.902238184924,68.3096332750762
"C67",8.83552631578947,100,"E",8,65,169,35,2.6,"SbIII","35",7,162,4.62857142857143,"EXP 2","GSH1",52.3859163918732,45.4223259419144
"C67",8.83552631578947,101,"F",8,45,17,7,0.3778,"SbIII","65",1,16,2.28571428571429,"EXP 2","GSH1",25.8695883416658,42.3043269543285
"C67",8.83552631578947,102,"G",8,78,37,19,0.4744,"SbIII","100",3,34,1.78947368421053,"EXP 2","GSH1",20.2531645569621,26.5499856561878
"C67p",6.53302162478083,289,"G",5,481,1447,318,4.55,"SbIII","100",215,1232,3.87421383647799,"EXP 2","PGPA",59.3020207032908,26.2964125225388
"C67p",6.53302162478083,290,"F",5,297,1162,208,5.587,"SbIII","65",618,544,2.61538461538462,"EXP 2","PGPA",40.0333071830657,34.2922503090753
"C67p",6.53302162478083,291,"E",5,710,2284,495,4.614,"SbIII","35",260,2024,4.08888888888889,"EXP 2","PGPA",62.5880201188843,52.0079178122888
"C67p",6.53302162478083,292,"D",5,1127,5491,848,6.475,"SbIII","25",451,5040,5.94339622641509,"EXP 2","PGPA",90.9746908516391,78.6336719798035
"C67p",6.53302162478083,293,"C",5,1621,9716,1171,8.297,"SbIII","10",365,9351,7.98548249359522,"EXP 2","PGPA",122.232604638946,94.5211707490702
"C67p",6.53302162478083,294,"B",5,2304,11457,1711,6.696,"SbIII","0",279,11178,6.53302162478083,"EXP 2","PGPA",100,100
"C68",6.93109540636042,295,"B",6,2073,8125,1132,7.178,"SbIII","0",279,7846,6.93109540636042,"EXP 2","PGPA",100,100
"C68",6.93109540636042,296,"C",6,2352,10231,1403,7.292,"SbIII","10",365,9866,7.03207412687099,"EXP 2","PGPA",101.45689410678,99.668032681507
"C68",6.93109540636042,297,"D",6,1913,4431,1050,4.22,"SbIII","25",451,3980,3.79047619047619,"EXP 2","PGPA",54.6879817438064,73.1663699956563
"C68",6.93109540636042,298,"E",6,594,989,313,3.16,"SbIII","35",260,729,2.32907348242811,"EXP 2","PGPA",33.6032523847645,49.2379786457763
"C68",6.93109540636042,299,"F",6,324,851,213,3.995,"SbIII","65",618,233,1.09389671361502,"EXP 2","PGPA",15.7824506731099,23.3430171142306
"C68",6.93109540636042,300,"G",6,380,798,234,3.41,"SbIII","100",215,583,2.49145299145299,"EXP 2","PGPA",35.9460207280753,32.7685033710961
"C7",12.0098039215686,103,"G",9,56,36,13,0.6429,"SbIII","100",3,33,2.53846153846154,"EXP 2","GSH1",21.1365777080063,14.4510373956683
"C7",12.0098039215686,104,"F",9,66,138,31,2.091,"SbIII","65",1,137,4.41935483870968,"EXP 2","GSH1",36.7978933508888,27.9354563594141
"C7",12.0098039215686,105,"E",9,94,239,51,2.543,"SbIII","35",7,232,4.54901960784314,"EXP 2","GSH1",37.8775510204083,64.1331458650449
"C7",12.0098039215686,106,"D",9,156,1099,112,7.045,"SbIII","25",6,1093,9.75892857142857,"EXP 2","GSH1",81.2580174927115,100.872763386628
"C7",12.0098039215686,107,"C",9,176,1526,124,8.67,"SbIII","10",3,1523,12.2822580645161,"EXP 2","GSH1",102.268597761685,105.194337651041
"C7",12.0098039215686,108,"B",9,294,2454,204,8.347,"SbIII","0",4,2450,12.0098039215686,"EXP 2","GSH1",100,100
"C73",11.702380952381,109,"B",10,231,1970,168,8.528,"SbIII","0",4,1966,11.702380952381,"EXP 2","GSH1",100,100
"C73",11.702380952381,110,"C",10,115,591,83,5.139,"SbIII","10",3,588,7.08433734939759,"EXP 2","GSH1",60.5375724668764,100.053010259564
"C73",11.702380952381,111,"D",10,108,483,72,4.472,"SbIII","25",6,477,6.625,"EXP 2","GSH1",56.6124109867749,62.9036591586644
"C73",11.702380952381,112,"E",10,98,255,49,2.602,"SbIII","35",7,248,5.06122448979592,"EXP 2","GSH1",43.2495276849294,51.2230425582754
"C73",11.702380952381,113,"F",10,62,99,29,1.597,"SbIII","65",1,98,3.37931034482759,"EXP 2","GSH1",28.8771179008664,20.8404511056236
"C73",11.702380952381,114,"G",10,49,76,17,1.551,"SbIII","100",3,73,4.29411764705882,"EXP 2","GSH1",36.6943929148463,16.7204860815098
"C76",9.29198263093263,67,"G",3,38,15,9,0.3947,"SbIII","100",3,12,1.33333333333333,"EXP 2","GSH1",14.3492878354585,14.5050269923466
"C76",9.29198263093263,68,"F",3,57,68,23,1.193,"SbIII","65",1,67,2.91304347826087,"EXP 2","GSH1",31.3500745100778,38.7480964647074
"C76",9.29198263093263,69,"E",3,35,69,15,1.971,"SbIII","35",7,62,4.13333333333333,"EXP 2","GSH1",44.4827922899213,67.668785925818
"C76",9.29198263093263,70,"D",3,53,129,20,2.434,"SbIII","25",6,123,6.15,"EXP 2","GSH1",66.1860901410523,93.2565369389539
"C76",9.29198263093263,71,"C",3,105,564,65,5.371,"SbIII","10",3,561,8.63076923076923,"EXP 2","GSH1",92.8840439502948,101.122223296293
"C76",9.29198263093263,72,"B",3,221,2126,167,9.62,"SbIII","0",4,2122,12.7065868263473,"EXP 2","GSH1",136.747853833127,100
"C76",9.29198263093263,283,"B",4,1626,5839,946,6.172,"SbIII","0",279,5560,5.87737843551797,"EXP 2","PGPA",63.2521461668731,100
"C76",9.29198263093263,284,"C",4,1546,4473,816,5.482,"SbIII","10",365,4108,5.0343137254902,"EXP 2","PGPA",54.1791125257937,101.122223296293
"C76",9.29198263093263,285,"D",4,1194,2889,656,4.404,"SbIII","25",451,2438,3.71646341463415,"EXP 2","PGPA",39.9964524499023,93.2565369389539
"C76",9.29198263093263,286,"E",4,546,1085,328,3.308,"SbIII","35",260,825,2.51524390243902,"EXP 2","PGPA",27.0689690493595,67.668785925818
"C76",9.29198263093263,287,"F",4,186,395,111,3.559,"SbIII","65",618,0,0,"EXP 2","PGPA",0,38.7480964647074
"C76",9.29198263093263,288,"G",4,182,336,104,3.231,"SbIII","100",215,121,1.16346153846154,"EXP 2","PGPA",12.5211333756525,14.5050269923466
"C85",34.4688995215311,115,"G",11,59,101,25,1.712,"SbIII","100",3,98,3.92,"EXP 2","GSH1",11.3725707940033,28.4964082313368
"C85",34.4688995215311,116,"F",11,103,669,62,6.495,"SbIII","65",1,668,10.7741935483871,"EXP 2","GSH1",31.2577242033996,46.2127963729697
"C85",34.4688995215311,117,"E",11,105,1139,72,10.85,"SbIII","35",7,1132,15.7222222222222,"EXP 2","GSH1",45.6127768523659,62.6584153793343
"C85",34.4688995215311,118,"D",11,189,2219,133,11.74,"SbIII","25",6,2213,16.6390977443609,"EXP 2","GSH1",48.2727849607361,68.2112941824814
"C85",34.4688995215311,119,"C",11,213,2689,162,12.62,"SbIII","10",3,2686,16.5802469135802,"EXP 2","GSH1",48.1020489302924,86.6486777986216
"C85",34.4688995215311,120,"B",11,237,7208,209,30.41,"SbIII","0",4,7204,34.4688995215311,"EXP 2","GSH1",100,100
"REF",6.97328855494839,91,"G",7,40,12,7,0.3,"SbIII","100",3,9,1.28571428571429,"EXP 2","GSH1",18.4377037545925,27.7542312933348
"REF",6.97328855494839,92,"F",7,80,47,20,0.5875,"SbIII","65",1,46,2.3,"EXP 2","GSH1",32.9830033832154,38.0217090780054
"REF",6.97328855494839,93,"E",7,67,61,20,0.9104,"SbIII","35",7,54,2.7,"EXP 2","GSH1",38.7191778846442,66.6466181026712
"REF",6.97328855494839,94,"D",7,95,264,51,2.779,"SbIII","25",6,258,5.05882352941176,"EXP 2","GSH1",72.545736341599,84.3496694217327
"REF",6.97328855494839,95,"C",7,133,500,87,3.759,"SbIII","10",3,497,5.71264367816092,"EXP 2","GSH1",81.9218025060373,106.563927811704
"REF",6.97328855494839,96,"B",7,205,1140,135,5.561,"SbIII","0",4,1136,8.41481481481481,"EXP 2","GSH1",120.672115437464,100
"REF",6.97328855494839,277,"G",3,261,320,116,2.759,"SbIII","100",215,105,0.905172413793103,"EXP 2","PGPA",12.9805672984918,27.7542312933348
"REF",6.97328855494839,278,"F",3,238,624,137,4.555,"SbIII","65",618,6,0.0437956204379562,"EXP 2","PGPA",0.628048303076142,38.0217090780054
"REF",6.97328855494839,279,"E",3,291,725,179,4.05,"SbIII","35",260,465,2.59776536312849,"EXP 2","PGPA",37.2530885916812,66.6466181026712
"REF",6.97328855494839,280,"D",3,517,994,260,3.823,"SbIII","25",451,543,2.08846153846154,"EXP 2","PGPA",29.9494495603444,84.3496694217327
"REF",6.97328855494839,281,"C",3,1286,4473,701,6.381,"SbIII","10",365,4108,5.8601997146933,"EXP 2","PGPA",84.0378204417596,106.563927811704
"REF",6.97328855494839,282,"B",3,1818,5678,976,5.818,"SbIII","0",279,5399,5.53176229508197,"EXP 2","PGPA",79.3278845625357,100
"C44",8.46666666666667,139,"G",5,271,345,130,1.273,"SbIII","100",225,120,0.923076923076923,"EXP 3","GSH1",10.9024833434282,9.82031872123397
"C44",8.46666666666667,140,"F",5,482,1634,300,3.39,"SbIII","65",188,1446,4.82,"EXP 3","GSH1",56.9291338582677,33.1028144047687
"C44",8.46666666666667,141,"E",5,781,4242,566,5.431,"SbIII","35",448,3794,6.70318021201413,"EXP 3","GSH1",79.1714198269385,58.6779966508489
"C44",8.46666666666667,142,"D",5,1276,6685,920,5.239,"SbIII","25",437,6248,6.79130434782609,"EXP 3","GSH1",80.2122560766861,53.8864480624741
"C44",8.46666666666667,143,"C",5,1818,15177,1372,8.348,"SbIII","10",436,14741,10.7441690962099,"EXP 3","GSH1",126.899634994605,107.283779099179
"C44",8.46666666666667,144,"B",5,1922,11407,1305,5.935,"SbIII","0",358,11049,8.46666666666667,"EXP 3","GSH1",100,100
"C58",6.98866498740554,175,"G",11,349,1011,217,2.897,"SbIII","100",225,786,3.6221198156682,"EXP 3","GSH1",51.8284940284835,28.1502240253488
"C58",6.98866498740554,176,"F",11,328,1062,222,3.238,"SbIII","65",188,874,3.93693693693694,"EXP 3","GSH1",56.333175850206,36.1677638093808
"C58",6.98866498740554,177,"E",11,545,1856,344,3.406,"SbIII","35",448,1408,4.09302325581395,"EXP 3","GSH1",58.5665969565017,50.6867897183699
"C58",6.98866498740554,178,"D",11,682,2142,393,3.141,"SbIII","25",437,1705,4.33842239185751,"EXP 3","GSH1",62.0779848465465,61.6337205978282
"C58",6.98866498740554,179,"C",11,1384,5378,819,3.886,"SbIII","10",436,4942,6.03418803418803,"EXP 3","GSH1",86.3424995340655,100.229294385684
"C58",6.98866498740554,180,"B",11,1212,5907,794,4.874,"SbIII","0",358,5549,6.98866498740554,"EXP 3","GSH1",100,100
"C6",15.1963746223565,163,"G",9,328,993,187,3.027,"SbIII","100",225,768,4.10695187165775,"EXP 3","GSH1",27.025866193215,13.3135450532102
"C6",15.1963746223565,164,"F",9,546,3517,392,6.441,"SbIII","65",188,3329,8.49234693877551,"EXP 3","GSH1",55.8840325394571,26.4801746964878
"C6",15.1963746223565,165,"E",9,577,4741,443,8.217,"SbIII","35",448,4293,9.69074492099323,"EXP 3","GSH1",63.770110712699,45.0157012966169
"C6",15.1963746223565,166,"D",9,945,9165,695,9.698,"SbIII","25",437,8728,12.558273381295,"EXP 3","GSH1",82.6399302029552,69.3613967412365
"C6",15.1963746223565,167,"C",9,1430,20995,1120,14.68,"SbIII","10",436,20559,18.35625,"EXP 3","GSH1",120.793613320079,98.747977836767
"C6",15.1963746223565,168,"B",9,1297,15448,993,11.91,"SbIII","0",358,15090,15.1963746223565,"EXP 3","GSH1",100,100
"C67",7.78502879078695,169,"B",10,1533,8470,1042,5.525,"SbIII","0",358,8112,7.78502879078695,"EXP 3","GSH1",100,100
"C67",7.78502879078695,170,"C",10,1712,9444,1102,5.516,"SbIII","10",436,9008,8.17422867513612,"EXP 3","GSH1",104.999337764939,106.245398516653
"C67",7.78502879078695,171,"D",10,1133,4801,770,4.237,"SbIII","25",437,4364,5.66753246753247,"EXP 3","GSH1",72.8004047234817,68.3096332750762
"C67",7.78502879078695,172,"E",10,723,2834,475,3.92,"SbIII","35",448,2386,5.02315789473684,"EXP 3","GSH1",64.5233053046818,45.4223259419144
"C67",7.78502879078695,173,"F",10,698,4073,512,5.835,"SbIII","65",188,3885,7.587890625,"EXP 3","GSH1",97.4677272096893,42.3043269543285
"C67",7.78502879078695,174,"G",10,380,1122,240,2.953,"SbIII","100",225,897,3.7375,"EXP 3","GSH1",48.0088141025641,26.5499856561878
"C67p",8.95958429561201,319,"G",5,209,70,40,1.75,"SbIII","100",51,19,0.475,"EXP 3","PGPA",5.30158525583194,26.2964125225388
"C67p",8.95958429561201,320,"F",5,614,1377,261,5.276,"SbIII","65",50,1327,5.08429118773946,"EXP 3","PGPA",56.7469540995279,34.2922503090753
"C67p",8.95958429561201,321,"E",5,688,2780,388,7.165,"SbIII","35",209,2571,6.62628865979381,"EXP 3","PGPA",73.9575458097878,52.0079178122888
"C67p",8.95958429561201,322,"D",5,833,4826,503,9.594,"SbIII","25",185,4641,9.22664015904573,"EXP 3","PGPA",102.980672480134,78.6336719798035
"C67p",8.95958429561201,323,"C",5,1182,6323,755,8.375,"SbIII","10",443,5880,7.78807947019868,"EXP 3","PGPA",86.9245627167426,94.5211707490702
"C67p",8.95958429561201,324,"B",5,1315,8438,866,9.744,"SbIII","0",679,7759,8.95958429561201,"EXP 3","PGPA",100,100
"C68",6.60297239915074,325,"B",6,1671,6899,942,7.324,"SbIII","0",679,6220,6.60297239915074,"EXP 3","PGPA",100,100
"C68",6.60297239915074,326,"C",6,1632,7174,909,7.892,"SbIII","10",443,6731,7.40484048404841,"EXP 3","PGPA",112.144047202148,99.668032681507
"C68",6.60297239915074,327,"D",6,1100,5684,643,8.84,"SbIII","25",185,5499,8.55209953343701,"EXP 3","PGPA",129.518935056233,73.1663699956563
"C68",6.60297239915074,328,"E",6,725,2695,398,6.771,"SbIII","35",209,2486,6.24623115577889,"EXP 3","PGPA",94.5972628415389,49.2379786457763
"C68",6.60297239915074,329,"F",6,538,643,189,3.402,"SbIII","65",50,593,3.13756613756614,"EXP 3","PGPA",47.5174807329149,23.3430171142306
"C68",6.60297239915074,330,"G",6,471,468,126,3.714,"SbIII","100",51,417,3.30952380952381,"EXP 3","PGPA",50.1217271474506,32.7685033710961
"C7",13.9090909090909,121,"B",2,1402,13975,979,9.968,"SbIII","0",358,13617,13.9090909090909,"EXP 3","GSH1",100,100
"C7",13.9090909090909,122,"C",2,1775,15992,1254,9.01,"SbIII","10",436,15556,12.4051036682616,"EXP 3","GSH1",89.187019837175,105.194337651041
"C7",13.9090909090909,123,"D",2,1134,15985,811,14.1,"SbIII","25",437,15548,19.1713933415536,"EXP 3","GSH1",137.833546900059,100.872763386628
"C7",13.9090909090909,124,"E",2,899,9828,653,10.93,"SbIII","35",448,9380,14.364471669219,"EXP 3","GSH1",103.273979321182,64.1331458650449
"C7",13.9090909090909,125,"F",2,506,1614,278,3.19,"SbIII","65",188,1426,5.1294964028777,"EXP 3","GSH1",36.8787323082711,27.9354563594141
"C7",13.9090909090909,126,"G",2,428,524,174,1.224,"SbIII","100",225,299,1.7183908045977,"EXP 3","GSH1",12.3544436931861,14.4510373956683
"C76",8.2158918365606,133,"B",4,2024,11776,1234,5.818,"SbIII","0",358,11418,9.25283630470016,"EXP 3","GSH1",112.621203988168,100
"C76",8.2158918365606,134,"C",4,2042,10733,1259,5.256,"SbIII","10",436,10297,8.17871326449563,"EXP 3","GSH1",99.5474797769424,101.122223296293
"C76",8.2158918365606,135,"D",4,1594,12671,1092,7.949,"SbIII","25",437,12234,11.2032967032967,"EXP 3","GSH1",136.361297424124,93.2565369389539
"C76",8.2158918365606,136,"E",4,816,5364,559,6.574,"SbIII","35",448,4916,8.79427549194991,"EXP 3","GSH1",107.039815845865,67.668785925818
"C76",8.2158918365606,137,"F",4,516,1677,315,3.25,"SbIII","65",188,1489,4.72698412698413,"EXP 3","GSH1",57.5346440899954,38.7480964647074
"C76",8.2158918365606,138,"G",4,394,542,185,1.376,"SbIII","100",225,317,1.71351351351351,"EXP 3","GSH1",20.8560865649229,14.5050269923466
"C76",8.2158918365606,313,"B",4,1589,7499,950,7.894,"SbIII","0",679,6820,7.17894736842105,"EXP 3","PGPA",87.378796011832,100
"C76",8.2158918365606,314,"C",4,1632,7585,967,7.844,"SbIII","10",443,7142,7.38572905894519,"EXP 3","PGPA",89.8956462167479,101.122223296293
"C76",8.2158918365606,315,"D",4,596,3080,338,9.112,"SbIII","25",185,2895,8.56508875739645,"EXP 3","PGPA",104.250261904398,93.2565369389539
"C76",8.2158918365606,316,"E",4,614,2068,333,6.21,"SbIII","35",209,1859,5.58258258258258,"EXP 3","PGPA",67.9485890714891,67.668785925818
"C76",8.2158918365606,317,"F",4,529,1290,232,5.56,"SbIII","65",50,1240,5.3448275862069,"EXP 3","PGPA",65.0547462470537,38.7480964647074
"C76",8.2158918365606,318,"G",4,166,60,36,1.667,"SbIII","100",51,9,0.25,"EXP 3","PGPA",3.0428832922009,14.5050269923466
"C85",8.07321428571429,151,"G",7,659,1984,389,3.011,"SbIII","100",225,1759,4.52185089974293,"EXP 3","GSH1",56.0105397888971,28.4964082313368
"C85",8.07321428571429,152,"F",7,757,2804,527,3.704,"SbIII","65",188,2616,4.96394686907021,"EXP 3","GSH1",61.486623461166,46.2127963729697
"C85",8.07321428571429,153,"E",7,660,3242,467,4.912,"SbIII","35",448,2794,5.98286937901499,"EXP 3","GSH1",74.1076499059587,62.6584153793343
"C85",8.07321428571429,154,"D",7,1539,7830,1025,5.088,"SbIII","25",437,7393,7.21268292682927,"EXP 3","GSH1",89.3409077421895,68.2112941824814
"C85",8.07321428571429,155,"C",7,1968,11484,1227,5.835,"SbIII","10",436,11048,9.0040749796251,"EXP 3","GSH1",111.530236420926,86.6486777986216
"C85",8.07321428571429,156,"B",7,1825,9400,1120,5.151,"SbIII","0",358,9042,8.07321428571429,"EXP 3","GSH1",100,100
"REF",7.9648852631871,145,"B",6,1664,8190,984,4.922,"SbIII","0",358,7832,7.95934959349593,"EXP 3","GSH1",99.9304990654824,100
"REF",7.9648852631871,146,"C",6,1744,14512,1157,8.321,"SbIII","10",436,14076,12.1659464131374,"EXP 3","GSH1",152.744779254601,106.563927811704
"REF",7.9648852631871,147,"D",6,1205,4771,760,3.959,"SbIII","25",437,4334,5.70263157894737,"EXP 3","GSH1",71.5971591619073,84.3496694217327
"REF",7.9648852631871,148,"E",6,814,4057,553,4.984,"SbIII","35",448,3609,6.52622061482821,"EXP 3","GSH1",81.9374090043926,66.6466181026712
"REF",7.9648852631871,149,"F",6,567,2577,391,4.545,"SbIII","65",188,2389,6.10997442455243,"EXP 3","GSH1",76.7113928532294,38.0217090780054
"REF",7.9648852631871,150,"G",6,449,1247,249,2.777,"SbIII","100",225,1022,4.10441767068273,"EXP 3","GSH1",51.5314098704339,27.7542312933348
"REF",7.9648852631871,307,"G",3,270,184,67,2.746,"SbIII","100",51,133,1.98507462686567,"EXP 3","PGPA",24.9228276525273,27.7542312933348
"REF",7.9648852631871,308,"F",3,197,280,69,4.058,"SbIII","65",50,230,3.33333333333333,"EXP 3","PGPA",41.8503622235421,38.0217090780054
"REF",7.9648852631871,309,"E",3,759,2215,397,5.579,"SbIII","35",209,2006,5.05289672544081,"EXP 3","PGPA",63.4396674713544,66.6466181026712
"REF",7.9648852631871,310,"D",3,811,3065,418,7.333,"SbIII","25",185,2880,6.88995215311005,"EXP 3","PGPA",86.504097993159,84.3496694217327
"REF",7.9648852631871,311,"C",3,1429,4971,736,6.754,"SbIII","10",443,4528,6.15217391304348,"EXP 3","PGPA",77.241212016929,106.563927811704
"REF",7.9648852631871,312,"B",3,1587,7685,879,8.743,"SbIII","0",679,7006,7.97042093287827,"EXP 3","PGPA",100.069500934518,100
"C44",14.6964285714286,235,"G",11,49,35,21,0.7143,"SbIII","100",81,0,0,"EXP 4","GSH1",0,9.82031872123397
"C44",14.6964285714286,236,"F",11,54,113,31,2.093,"SbIII","65",43,70,2.25806451612903,"EXP 4","GSH1",15.3647160271234,33.1028144047687
"C44",14.6964285714286,237,"E",11,78,468,57,6,"SbIII","35",36,432,7.57894736842105,"EXP 4","GSH1",51.5699942444202,58.6779966508489
"C44",14.6964285714286,238,"D",11,86,485,61,5.64,"SbIII","25",267,218,3.57377049180328,"EXP 4","GSH1",24.3172718761827,53.8864480624741
"C44",14.6964285714286,239,"C",11,1168,17430,1004,14.92,"SbIII","10",386,17044,16.9760956175299,"EXP 4","GSH1",115.511707725598,107.283779099179
"C44",14.6964285714286,240,"B",11,966,12678,840,13.12,"SbIII","0",333,12345,14.6964285714286,"EXP 4","GSH1",100,100
"C58",12.015503875969,223,"G",9,100,149,59,1.49,"SbIII","100",81,68,1.15254237288136,"EXP 4","GSH1",9.59212684527067,28.1502240253488
"C58",12.015503875969,224,"F",9,35,54,16,1.543,"SbIII","65",43,11,0.6875,"EXP 4","GSH1",5.72177419354838,36.1677638093808
"C58",12.015503875969,225,"E",9,179,928,126,5.184,"SbIII","35",36,892,7.07936507936508,"EXP 4","GSH1",58.9185867895545,50.6867897183699
"C58",12.015503875969,226,"D",9,351,3231,275,9.205,"SbIII","25",267,2964,10.7781818181818,"EXP 4","GSH1",89.7022873900291,61.6337205978282
"C58",12.015503875969,227,"C",9,878,10426,723,11.87,"SbIII","10",386,10040,13.8865836791148,"EXP 4","GSH1",115.572212555213,100.229294385684
"C58",12.015503875969,228,"B",9,781,8083,645,10.35,"SbIII","0",333,7750,12.015503875969,"EXP 4","GSH1",100,100
"C6",11.5583815028902,187,"G",3,50,58,22,1.16,"SbIII","100",81,0,0,"EXP 4","GSH1",0,13.3135450532102
"C6",11.5583815028902,188,"F",3,46,46,19,1,"SbIII","65",43,3,0.157894736842105,"EXP 4","GSH1",1.36606268622145,26.4801746964878
"C6",11.5583815028902,189,"E",3,88,269,52,3.057,"SbIII","35",36,233,4.48076923076923,"EXP 4","GSH1",38.7664071275793,45.0157012966169
"C6",11.5583815028902,190,"D",3,354,3653,289,10.32,"SbIII","25",267,3386,11.7162629757785,"EXP 4","GSH1",101.36594793007,69.3613967412365
"C6",11.5583815028902,191,"C",3,1258,14572,1053,11.58,"SbIII","10",386,14186,13.4719848053181,"EXP 4","GSH1",116.555979761954,98.747977836767
"C6",11.5583815028902,192,"B",3,1092,10331,865,9.461,"SbIII","0",333,9998,11.5583815028902,"EXP 4","GSH1",100,100
"C67",13.7387198321091,181,"B",2,1117,13426,953,12.02,"SbIII","0",333,13093,13.7387198321091,"EXP 4","GSH1",100,100
"C67",13.7387198321091,182,"C",2,990,11967,866,12.09,"SbIII","10",386,11581,13.3729792147806,"EXP 4","GSH1",97.3378843021915,106.245398516653
"C67",13.7387198321091,183,"D",2,490,5024,411,10.25,"SbIII","25",267,4757,11.5742092457421,"EXP 4","GSH1",84.2451799525872,68.3096332750762
"C67",13.7387198321091,184,"E",2,104,269,64,2.587,"SbIII","35",36,233,3.640625,"EXP 4","GSH1",26.4990118765753,45.4223259419144
"C67",13.7387198321091,185,"F",2,114,209,64,1.833,"SbIII","65",43,166,2.59375,"EXP 4","GSH1",18.8791243412511,42.3043269543285
"C67",13.7387198321091,186,"G",2,207,457,126,2.208,"SbIII","100",81,376,2.98412698412698,"EXP 4","GSH1",21.7205607261362,26.5499856561878
"C7",12.2651376146789,229,"B",10,1384,13702,1090,9.9,"SbIII","0",333,13369,12.2651376146789,"EXP 4","GSH1",100,100
"C7",12.2651376146789,230,"C",10,1548,19249,1265,12.43,"SbIII","10",386,18863,14.9114624505929,"EXP 4","GSH1",121.575989760986,105.194337651041
"C7",12.2651376146789,231,"D",10,536,5384,431,10.04,"SbIII","25",267,5117,11.8723897911833,"EXP 4","GSH1",96.7978522880529,100.872763386628
"C7",12.2651376146789,232,"E",10,216,1484,173,6.87,"SbIII","35",36,1448,8.36994219653179,"EXP 4","GSH1",68.241730826686,64.1331458650449
"C7",12.2651376146789,233,"F",10,43,45,20,1.047,"SbIII","65",43,2,0.1,"EXP 4","GSH1",0.815319021617174,27.9354563594141
"C7",12.2651376146789,234,"G",10,79,97,42,1.228,"SbIII","100",81,16,0.380952380952381,"EXP 4","GSH1",3.10597722520828,14.4510373956683
"C73",15.095595126523,211,"G",7,67,69,35,1.03,"SbIII","100",81,0,0,"EXP 4","GSH1",0,16.7204860815098
"C73",15.095595126523,212,"F",7,53,71,24,1.34,"SbIII","65",43,28,1.16666666666667,"EXP 4","GSH1",7.72852383021875,20.8404511056236
"C73",15.095595126523,213,"E",7,90,504,66,5.6,"SbIII","35",36,468,7.09090909090909,"EXP 4","GSH1",46.9733656174333,51.2230425582754
"C73",15.095595126523,214,"D",7,358,3255,307,9.092,"SbIII","25",267,2988,9.7328990228013,"EXP 4","GSH1",64.4750931727135,62.9036591586644
"C73",15.095595126523,215,"C",7,1509,26124,1320,17.31,"SbIII","10",386,25738,19.4984848484848,"EXP 4","GSH1",129.166718404006,100.053010259564
"C73",15.095595126523,216,"B",7,1249,16440,1067,13.16,"SbIII","0",333,16107,15.095595126523,"EXP 4","GSH1",100,100
"C76",15.2366992399566,217,"B",8,1071,14366,921,13.41,"SbIII","0",333,14033,15.2366992399566,"EXP 4","GSH1",100,100
"C76",15.2366992399566,218,"C",8,1232,19412,1061,15.76,"SbIII","10",386,19026,17.9321394910462,"EXP 4","GSH1",117.690447311719,101.122223296293
"C76",15.2366992399566,219,"D",8,534,7937,439,14.86,"SbIII","25",267,7670,17.4715261958998,"EXP 4","GSH1",114.667395613366,93.2565369389539
"C76",15.2366992399566,220,"E",8,373,5731,315,15.36,"SbIII","35",36,5695,18.0793650793651,"EXP 4","GSH1",118.656703756112,67.668785925818
"C76",15.2366992399566,221,"F",8,159,882,130,5.547,"SbIII","65",43,839,6.45384615384615,"EXP 4","GSH1",42.3572458326252,38.7480964647074
"C76",15.2366992399566,222,"G",8,247,728,162,2.947,"SbIII","100",81,647,3.99382716049383,"EXP 4","GSH1",26.2118920745016,14.5050269923466
"C85",10.8527370855821,205,"B",6,1650,14409,1297,8.733,"SbIII","0",333,14076,10.8527370855821,"EXP 4","GSH1",100,100
"C85",10.8527370855821,206,"C",6,1588,19104,1306,12.03,"SbIII","10",386,18718,14.3323124042879,"EXP 4","GSH1",132.061730522602,86.6486777986216
"C85",10.8527370855821,207,"D",6,407,3505,334,8.612,"SbIII","25",267,3238,9.69461077844311,"EXP 4","GSH1",89.3287168204087,68.2112941824814
"C85",10.8527370855821,208,"E",6,126,943,104,7.484,"SbIII","35",36,907,8.72115384615385,"EXP 4","GSH1",80.3590262749471,62.6584153793343
"C85",10.8527370855821,209,"F",6,73,242,41,3.315,"SbIII","65",43,199,4.85365853658537,"EXP 4","GSH1",44.7228979962435,46.2127963729697
"C85",10.8527370855821,210,"G",6,112,192,59,1.714,"SbIII","100",81,111,1.88135593220339,"EXP 4","GSH1",17.3353129018741,28.4964082313368
"REF",11.4375655823715,199,"G",5,173,789,124,4.561,"SbIII","100",81,708,5.70967741935484,"EXP 4","GSH1",49.9203906481206,27.7542312933348
"REF",11.4375655823715,200,"F",5,137,706,95,5.153,"SbIII","65",43,663,6.97894736842105,"EXP 4","GSH1",61.017769193626,38.0217090780054
"REF",11.4375655823715,201,"E",5,242,2705,214,11.18,"SbIII","35",36,2669,12.4719626168224,"EXP 4","GSH1",109.043856640658,66.6466181026712
"REF",11.4375655823715,202,"D",5,769,9281,662,12.07,"SbIII","25",267,9014,13.6163141993958,"EXP 4","GSH1",119.049059009396,84.3496694217327
"REF",11.4375655823715,203,"C",5,1089,14754,955,13.55,"SbIII","10",386,14368,15.0450261780105,"EXP 4","GSH1",131.540458235266,106.563927811704
"REF",11.4375655823715,204,"B",5,1169,11233,953,9.609,"SbIII","0",333,10900,11.4375655823715,"EXP 4","GSH1",100,100
