"pop","Cntrl_ama_per_cell","X","row","column","n_celulas","n_amas.x","n_cels_infec","mean_ama_cel","composto","conc","n_amas.y","corrected_ama","ama_per_cell","experiment","viability","mean_value","mean_normalized","viability_normalized"
"REF",2.30630630630631,7,"G",3,327,472,98,1.443,"SbIII",100,16,456,1.39449541284404,"EXP 1",60.4644495412845,36.1385725693451,0,0
"REF",2.30630630630631,8,"F",3,288,685,126,2.378,"SbIII",65,15,670,2.32638888888889,"EXP 1",100.870768229167,63.1668522960448,21.8446330855123,34.8835637826753
"REF",2.30630630630631,9,"E",3,383,981,142,2.561,"SbIII",35,21,960,2.5065274151436,"EXP 1",108.681462140992,83.9267068753824,38.6230374375379,50.0151660575777
"REF",2.30630630630631,10,"D",3,646,2639,322,4.085,"SbIII",25,8,2631,4.07275541795666,"EXP 1",176.592129450464,106.932264788582,57.2164505819532,94.48948703968
"REF",2.30630630630631,11,"C",3,790,4732,380,5.99,"SbIII",10,12,4720,5.9746835443038,"EXP 1",259.058544303797,159.868184419064,100,162.045090613355
"REF",2.30630630630631,12,"B",3,999,2335,373,2.337,"SbIII",0,31,2304,2.30630630630631,"EXP 1",100,100,51.6136973808829,51.6136973808829
"REF",5.54146341463415,91,"G",7,40,12,7,0.3,"SbIII",100,3,9,0.225,"EXP 2",4.06029929577465,36.1385725693451,0,0
"REF",5.54146341463415,92,"F",7,80,47,20,0.5875,"SbIII",65,1,46,0.575,"EXP 2",10.3763204225352,63.1668522960448,21.8446330855123,3.58838384641469
"REF",5.54146341463415,93,"E",7,67,61,20,0.9104,"SbIII",35,7,54,0.805970149253731,"EXP 2",14.5443556863569,83.9267068753824,38.6230374375379,6.69330675649092
"REF",5.54146341463415,94,"D",7,95,264,51,2.779,"SbIII",25,6,258,2.71578947368421,"EXP 2",49.0085248332097,106.932264788582,57.2164505819532,26.2230847233789
"REF",5.54146341463415,95,"C",7,133,500,87,3.759,"SbIII",10,3,497,3.73684210526316,"EXP 2",67.4342105263158,159.868184419064,100,42.1811323943918
"REF",5.54146341463415,96,"B",7,205,1140,135,5.561,"SbIII",0,4,1136,5.54146341463415,"EXP 2",100,100,51.6136973808829,51.6136973808829
"REF",4.70673076923077,145,"B",6,1664,8190,984,4.922,"SbIII",0,358,7832,4.70673076923077,"EXP 3",100,100,51.6136973808829,51.6136973808829
"REF",4.70673076923077,146,"C",6,1744,14512,1157,8.321,"SbIII",10,436,14076,8.07110091743119,"EXP 3",171.47997863388,159.868184419064,100,107.263355280484
"REF",4.70673076923077,147,"D",6,1205,4771,760,3.959,"SbIII",25,437,4334,3.59668049792531,"EXP 3",76.4156837148585,106.932264788582,57.2164505819532,40.8878854254308
"REF",4.70673076923077,148,"E",6,814,4057,553,4.984,"SbIII",35,448,3609,4.43366093366093,"EXP 3",94.1983119715499,83.9267068753824,38.6230374375379,43.3500260558564
"REF",4.70673076923077,149,"F",6,567,2577,391,4.545,"SbIII",65,188,2389,4.21340388007055,"EXP 3",89.5186932640117,63.1668522960448,21.8446330855123,30.9577402952103
"REF",9.32420872540633,199,"G",5,173,789,124,4.561,"SbIII",100,81,708,4.09248554913295,"EXP 4",43.8909688709763,36.1385725693451,0,0
"REF",9.32420872540633,200,"F",5,137,706,95,5.153,"SbIII",65,43,663,4.83941605839416,"EXP 4",51.9016272684658,63.1668522960448,21.8446330855123,17.9488444177493
"REF",9.32420872540633,201,"E",5,242,2705,214,11.18,"SbIII",35,36,2669,11.0289256198347,"EXP 4",118.282697702631,83.9267068753824,38.6230374375379,54.4336508802268
"REF",9.32420872540633,202,"D",5,769,9281,662,12.07,"SbIII",25,267,9014,11.7217165149545,"EXP 4",125.712721155796,106.932264788582,57.2164505819532,67.2653451393232
"REF",9.32420872540633,203,"C",5,1089,14754,955,13.55,"SbIII",10,386,14368,13.1937557392103,"EXP 4",141.500004212265,159.868184419064,100,88.5104217117708
"REF",9.32420872540633,204,"B",5,1169,11233,953,9.609,"SbIII",0,333,10900,9.32420872540633,"EXP 4",100,100,51.6136973808829,51.6136973808829
"C6",5.51078167115903,13,"B",4,742,4120,442,5.553,"SbIII",0,31,4089,5.51078167115903,"EXP 1",100,100,90.3249779524509,90.3249779524509
"C6",5.51078167115903,14,"C",4,811,5100,524,6.289,"SbIII",10,12,5088,6.27373612823675,"EXP 1",113.844759284707,108.734625773454,100,104.699637741799
"C6",5.51078167115903,15,"D",4,655,5948,486,9.081,"SbIII",25,8,5940,9.06870229007634,"EXP 1",164.562902891578,92.31467097925,81.8122231250599,145.840924163609
"C6",5.51078167115903,16,"E",4,484,3323,329,6.866,"SbIII",35,21,3302,6.82231404958678,"EXP 1",123.799389209914,58.1520333659698,43.9715324436762,93.6106365342783
"C6",5.51078167115903,17,"F",4,331,1811,203,5.471,"SbIII",65,15,1796,5.42598187311178,"EXP 1",98.461202001686,38.8431450648561,22.5837907278609,57.2463217668637
"C6",5.51078167115903,18,"G",4,337,957,162,2.84,"SbIII",100,16,941,2.79228486646884,"EXP 1",50.6694881614057,18.4544617539135,0,0
"C6",16.1538461538462,79,"G",5,43,24,14,0.5581,"SbIII",100,3,21,0.488372093023256,"EXP 2",3.02325581395348,18.4544617539135,0,0
"C6",16.1538461538462,80,"F",5,31,20,6,0.6452,"SbIII",65,1,19,0.612903225806452,"EXP 2",3.79416282642088,38.8431450648561,22.5837907278609,2.20596398968848
"C6",16.1538461538462,81,"E",5,40,110,23,2.75,"SbIII",35,7,103,2.575,"EXP 2",15.9404761904761,58.1520333659698,43.9715324436762,12.0533560979029
"C6",16.1538461538462,82,"D",5,90,309,55,3.433,"SbIII",25,6,303,3.36666666666667,"EXP 2",20.8412698412698,92.31467097925,81.8122231250599,18.4702019773954
"C6",16.1538461538462,83,"C",5,173,2081,139,12.03,"SbIII",10,3,2078,12.0115606936416,"EXP 2",74.3572804844478,108.734625773454,100,68.3841784119158
"C6",16.1538461538462,84,"B",5,221,3574,186,16.17,"SbIII",0,4,3570,16.1538461538462,"EXP 2",100,100,90.3249779524509,90.3249779524509
"C6",11.6345412490362,163,"G",9,328,993,187,3.027,"SbIII",100,225,768,2.34146341463415,"EXP 3",20.1251030402949,18.4544617539135,0,0
"C6",11.6345412490362,164,"F",9,546,3517,392,6.441,"SbIII",65,188,3329,6.0970695970696,"EXP 3",52.4048990549987,38.8431450648561,22.5837907278609,30.4687293316925
"C6",11.6345412490362,165,"E",9,577,4741,443,8.217,"SbIII",35,448,4293,7.44020797227036,"EXP 3",63.9493024521848,58.1520333659698,43.9715324436762,48.3551247439653
"C6",11.6345412490362,166,"D",9,945,9165,695,9.698,"SbIII",25,437,8728,9.23597883597884,"EXP 3",79.3841255816076,92.31467097925,81.8122231250599,70.3527589469508
"C6",11.6345412490362,167,"C",9,1430,20995,1120,14.68,"SbIII",10,436,20559,14.3769230769231,"EXP 3",123.571035326503,108.734625773454,100,113.644604418799
"C6",11.6345412490362,168,"B",9,1297,15448,993,11.91,"SbIII",0,358,15090,11.6345412490362,"EXP 3",100,100,90.3249779524509,90.3249779524509
"C6",9.15567765567766,187,"G",3,50,58,22,1.16,"SbIII",100,81,0,0,"EXP 4",0,18.4544617539135,0,0
"C6",9.15567765567766,188,"F",3,46,46,19,1,"SbIII",65,43,3,0.0652173913043478,"EXP 4",0.712316376318741,38.8431450648561,22.5837907278609,0.414147823198936
"C6",9.15567765567766,189,"E",3,88,269,52,3.057,"SbIII",35,36,233,2.64772727272727,"EXP 4",28.918965611304,58.1520333659698,43.9715324436762,21.8670123985578
"C6",9.15567765567766,190,"D",3,354,3653,289,10.32,"SbIII",25,267,3386,9.56497175141243,"EXP 4",104.470385602544,92.31467097925,81.8122231250599,92.5850074122835
"C6",9.15567765567766,191,"C",3,1258,14572,1053,11.58,"SbIII",10,386,14186,11.2766295707472,"EXP 4",123.165427998159,108.734625773454,100,113.271579427487
"C6",9.15567765567766,192,"B",3,1092,10331,865,9.461,"SbIII",0,333,9998,9.15567765567766,"EXP 4",100,100,90.3249779524509,90.3249779524509
"C7",3.82287822878229,19,"G",5,432,1139,226,2.637,"SbIII",100,16,1123,2.59953703703704,"EXP 1",67.9994726869727,21.0900762697161,0,0
"C7",3.82287822878229,20,"F",5,429,1679,247,3.914,"SbIII",65,15,1664,3.87878787878788,"EXP 1",101.462501462501,38.9672410626338,15.1548656182984,39.4600832142331
"C7",3.82287822878229,21,"E",5,464,2638,315,5.685,"SbIII",35,21,2617,5.64008620689655,"EXP 1",147.53507355878,88.4942440175339,57.1399948573561,95.2621657828731
"C7",3.82287822878229,22,"D",5,709,6300,557,8.886,"SbIII",25,8,6292,8.87447108603667,"EXP 1",232.141087289183,139.053278604762,100,166.943986951224
"C7",3.82287822878229,23,"C",5,802,6411,512,7.994,"SbIII",10,12,6399,7.9788029925187,"EXP 1",208.711931561059,132.23325298502,94.2185143462184,148.710915553445
"C7",3.82287822878229,24,"B",5,813,3139,371,3.861,"SbIII",0,31,3108,3.82287822878229,"EXP 1",100,100,66.8936771537953,66.8936771537953
"C7",8.33333333333333,103,"G",9,56,36,13,0.6429,"SbIII",100,3,33,0.589285714285714,"EXP 2",7.07142857142857,21.0900762697161,0,0
"C7",8.33333333333333,104,"F",9,66,138,31,2.091,"SbIII",65,1,137,2.07575757575758,"EXP 2",24.909090909091,38.9672410626338,15.1548656182984,9.68746863023971
"C7",8.33333333333333,105,"E",9,94,239,51,2.543,"SbIII",35,7,232,2.46808510638298,"EXP 2",29.6170212765958,88.4942440175339,57.1399948573561,19.1234634774617
"C7",8.33333333333333,106,"D",9,156,1099,112,7.045,"SbIII",25,6,1093,7.00641025641026,"EXP 2",84.0769230769232,139.053278604762,100,60.4638192788673
"C7",8.33333333333333,107,"C",9,176,1526,124,8.67,"SbIII",10,3,1523,8.65340909090909,"EXP 2",103.840909090909,132.23325298502,94.2185143462184,73.9884708426141
"C7",8.33333333333333,108,"B",9,294,2454,204,8.347,"SbIII",0,4,2450,8.33333333333333,"EXP 2",100,100,66.8936771537953,66.8936771537953
"C7",9.71255349500713,121,"B",2,1402,13975,979,9.968,"SbIII",0,358,13617,9.71255349500713,"EXP 3",100,100,66.8936771537953,66.8936771537953
"C7",9.71255349500713,122,"C",2,1775,15992,1254,9.01,"SbIII",10,436,15556,8.76394366197183,"EXP 3",90.2331571864912,132.23325298502,94.2185143462184,64.2927087019716
"C7",9.71255349500713,123,"D",2,1134,15985,811,14.1,"SbIII",25,437,15548,13.710758377425,"EXP 3",141.1653319024,139.053278604762,100,101.518880618156
"C7",9.71255349500713,124,"E",2,899,9828,653,10.93,"SbIII",35,448,9380,10.4338153503893,"EXP 3",107.426078587397,88.4942440175339,57.1399948573561,69.3641224486146
"C7",9.71255349500713,125,"F",2,506,1614,278,3.19,"SbIII",65,188,1426,2.81818181818182,"EXP 3",29.015869200932,38.9672410626338,15.1548656182984,11.2846479901271
"C7",9.71255349500713,126,"G",2,428,524,174,1.224,"SbIII",100,225,299,0.698598130841122,"EXP 3",7.19273393140378,21.0900762697161,0,0
"C7",9.65968208092486,229,"B",10,1384,13702,1090,9.9,"SbIII",0,333,13369,9.65968208092486,"EXP 4",100,100,66.8936771537953,66.8936771537953
"C7",9.65968208092486,230,"C",10,1548,19249,1265,12.43,"SbIII",10,386,18863,12.1854005167959,"EXP 4",126.14701410162,132.23325298502,94.2185143462184,89.8819622868428
"C7",9.65968208092486,231,"D",10,536,5384,431,10.04,"SbIII",25,267,5117,9.54664179104478,"EXP 4",98.8297721505421,139.053278604762,100,71.073313151753
"C7",9.65968208092486,232,"E",10,216,1484,173,6.87,"SbIII",35,36,1448,6.7037037037037,"EXP 4",69.3988026473627,88.4942440175339,57.1399948573561,44.810227720475
"C7",9.65968208092486,233,"F",10,43,45,20,1.047,"SbIII",65,43,2,0.0465116279069767,"EXP 4",0.481502678010739,38.9672410626338,15.1548656182984,0.187262638593649
"C7",9.65968208092486,234,"G",10,79,97,42,1.228,"SbIII",100,81,16,0.20253164556962,"EXP 4",2.09666988905942,21.0900762697161,0,0
"C44",4.06734006734007,25,"B",6,891,3655,418,4.102,"SbIII",0,31,3624,4.06734006734007,"EXP 1",100,100,82.3246780828845,82.3246780828845
"C44",4.06734006734007,26,"C",6,857,5221,514,6.092,"SbIII",10,12,5209,6.0781796966161,"EXP 1",149.438689560843,119.241279915648,100,125.324627231909
"C44",4.06734006734007,27,"D",6,561,3280,363,5.847,"SbIII",25,8,3272,5.83244206773619,"EXP 1",143.39696143358,71.2651941698947,55.9284640316628,112.537009029517
"C44",4.06734006734007,28,"E",6,500,2366,297,4.732,"SbIII",35,21,2345,4.69,"EXP 1",115.308774834437,70.4738225050446,55.2014984143218,90.3203051136461
"C44",4.06734006734007,29,"F",6,377,1485,196,3.939,"SbIII",65,15,1470,3.89920424403183,"EXP 1",95.8661970593918,42.1634055915302,29.1951342458358,66.3804655606122
"C44",4.06734006734007,30,"G",6,335,370,121,1.104,"SbIII",100,16,354,1.05671641791045,"EXP 1",25.9805278244539,10.3817071968272,0,0
"C44",4.93518518518519,73,"B",4,216,1070,130,4.954,"SbIII",0,4,1066,4.93518518518519,"EXP 2",100,100,82.3246780828845,82.3246780828845
"C44",4.93518518518519,74,"C",4,118,424,51,3.593,"SbIII",10,3,421,3.56779661016949,"EXP 2",72.2930645212579,119.241279915648,100,60.6275482554351
"C44",4.93518518518519,75,"D",4,68,129,32,1.897,"SbIII",25,6,123,1.80882352941176,"EXP 2",36.6515837104071,71.2651941698947,55.9284640316628,28.7639261371286
"C44",4.93518518518519,76,"E",4,91,181,45,1.989,"SbIII",35,7,174,1.91208791208791,"EXP 2",38.7439952167906,70.4738225050446,55.2014984143218,30.3478158910859
"C44",4.93518518518519,77,"F",4,62,33,19,0.5323,"SbIII",65,1,32,0.516129032258065,"EXP 2",10.4581492465049,42.1634055915302,29.1951342458358,7.2415182533555
"C44",4.93518518518519,78,"G",4,31,15,10,0.4839,"SbIII",100,3,12,0.387096774193548,"EXP 2",7.84361193487864,10.3817071968272,0,0
"C44",5.74869927159209,139,"G",5,271,345,130,1.273,"SbIII",100,225,120,0.44280442804428,"EXP 3",7.70268902797634,10.3817071968272,0,0
"C44",5.74869927159209,140,"F",5,482,1634,300,3.39,"SbIII",65,188,1446,3,"EXP 3",52.1857181645398,42.1634055915302,29.1951342458358,36.1348668627267
"C44",5.74869927159209,141,"E",5,781,4242,566,5.431,"SbIII",35,448,3794,4.85787451984635,"EXP 3",84.5038901904669,70.4738225050446,55.2014984143218,66.1911216752742
"C44",5.74869927159209,142,"D",5,1276,6685,920,5.239,"SbIII",25,437,6248,4.89655172413793,"EXP 3",85.1766894179845,71.2651941698947,55.9284640316628,66.8461156380639
"C44",5.74869927159209,143,"C",5,1818,15177,1372,8.348,"SbIII",10,436,14741,8.10836083608361,"EXP 3",141.046877789417,119.241279915648,100,118.286953888112
"C44",5.74869927159209,144,"B",5,1922,11407,1305,5.935,"SbIII",0,358,11049,5.74869927159209,"EXP 3",100,100,82.3246780828845,82.3246780828845
"C44",12.7795031055901,235,"G",11,49,35,21,0.7143,"SbIII",100,81,0,0,"EXP 4",0,10.3817071968272,0,0
"C44",12.7795031055901,236,"F",11,54,113,31,2.093,"SbIII",65,43,70,1.2962962962963,"EXP 4",10.1435578956843,42.1634055915302,29.1951342458358,7.02368630664882
"C44",12.7795031055901,237,"E",11,78,468,57,6,"SbIII",35,36,432,5.53846153846154,"EXP 4",43.3386297784839,70.4738225050446,55.2014984143218,33.9467509772811
"C44",12.7795031055901,238,"D",11,86,485,61,5.64,"SbIII",25,267,218,2.53488372093023,"EXP 4",19.8355421176071,71.2651941698947,55.9284640316628,15.5668053219416
"C44",12.7795031055901,239,"C",11,1168,17430,1004,14.92,"SbIII",10,386,17044,14.5924657534247,"EXP 4",114.186487791075,119.241279915648,100,95.7608706245448
"C44",12.7795031055901,240,"B",11,966,12678,840,13.12,"SbIII",0,333,12345,12.7795031055901,"EXP 4",100,100,82.3246780828845,82.3246780828845
"C58",3.75105042016807,31,"G",7,472,683,167,1.447,"SbIII",100,16,667,1.41313559322034,"EXP 1",37.6730631404582,26.4891590295154,0,0
"C58",3.75105042016807,32,"F",7,312,705,147,2.26,"SbIII",65,15,690,2.21153846153846,"EXP 1",58.9578441720698,35.3572040799572,9.98866915357412,16.6560228606033
"C58",3.75105042016807,33,"E",7,536,1098,270,2.049,"SbIII",35,21,1077,2.00932835820896,"EXP 1",53.56708476659,47.7121049647462,23.9048160226306,26.8382899299904
"C58",3.75105042016807,34,"D",7,451,2243,302,4.973,"SbIII",25,8,2235,4.95565410199557,"EXP 1",132.113769395121,69.692738991546,48.6630665536829,92.2486509464431
"C58",3.75105042016807,35,"C",7,841,4582,482,5.448,"SbIII",10,12,4570,5.43400713436385,"EXP 1",144.866278126978,115.27020597478,100,125.675387583391
"C58",3.75105042016807,36,"B",7,952,3602,415,3.784,"SbIII",0,31,3571,3.75105042016807,"EXP 1",100,100,82.8001510455329,82.8001510455329
"C58",3.59477124183007,85,"B",6,153,554,84,3.621,"SbIII",0,4,550,3.59477124183007,"EXP 2",100,100,82.8001510455329,82.8001510455329
"C58",3.59477124183007,86,"C",6,114,507,74,4.447,"SbIII",10,3,504,4.42105263157895,"EXP 2",122.985645933014,115.27020597478,100,106.693351411137
"C58",3.59477124183007,87,"D",6,56,20,11,0.3571,"SbIII",25,6,14,0.25,"EXP 2",6.95454545454545,69.692738991546,48.6630665536829,4.85602249534505
"C58",3.59477124183007,88,"E",6,79,94,30,1.19,"SbIII",35,7,87,1.10126582278481,"EXP 2",30.6352128883774,47.7121049647462,23.9048160226306,15.3489167675979
"C58",3.59477124183007,89,"F",6,58,45,14,0.7759,"SbIII",65,1,44,0.758620689655172,"EXP 2",21.103448275862,35.3572040799572,9.98866915357412,5.96187872633974
"C58",3.59477124183007,90,"G",6,25,14,6,0.56,"SbIII",100,3,11,0.44,"EXP 2",12.24,26.4891590295154,0,0
"C58",4.57838283828383,175,"G",11,349,1011,217,2.897,"SbIII",100,225,786,2.25214899713467,"EXP 3",49.1909278163132,26.4891590295154,0,0
"C58",4.57838283828383,176,"F",11,328,1062,222,3.238,"SbIII",65,188,874,2.66463414634146,"EXP 3",58.2003349318048,35.3572040799572,9.98866915357412,16.4420209512704
"C58",4.57838283828383,177,"E",11,545,1856,344,3.406,"SbIII",35,448,1408,2.58348623853211,"EXP 3",56.4279207262735,47.7121049647462,23.9048160226306,28.2716317902518
"C58",4.57838283828383,178,"D",11,682,2142,393,3.141,"SbIII",25,437,1705,2.5,"EXP 3",54.6044332312128,69.692738991546,48.6630665536829,38.127632905617
"C58",4.57838283828383,179,"C",11,1384,5378,819,3.886,"SbIII",10,436,4942,3.57080924855491,"EXP 3",77.9928060776455,115.27020597478,100,67.6608542668082
"C58",4.57838283828383,180,"B",11,1212,5907,794,4.874,"SbIII",0,358,5549,4.57838283828383,"EXP 3",100,100,82.8001510455329,82.8001510455329
"C58",9.92317541613316,223,"G",9,100,149,59,1.49,"SbIII",100,81,68,0.68,"EXP 4",6.85264516129032,26.4891590295154,0,0
"C58",9.92317541613316,224,"F",9,35,54,16,1.543,"SbIII",65,43,11,0.314285714285714,"EXP 4",3.16718894009216,35.3572040799572,9.98866915357412,0.894754076082985
"C58",9.92317541613316,225,"E",9,179,928,126,5.184,"SbIII",35,36,892,4.98324022346369,"EXP 4",50.2182014777438,47.7121049647462,23.9048160226306,25.1604256026822
"C58",9.92317541613316,226,"D",9,351,3231,275,9.205,"SbIII",25,267,2964,8.44444444444444,"EXP 4",85.0982078853046,69.692738991546,48.6630665536829,59.4199598673265
"C58",9.92317541613316,227,"C",9,878,10426,723,11.87,"SbIII",10,386,10040,11.4350797266515,"EXP 4",115.236093761482,115.27020597478,100,99.9704067386628
"C58",9.92317541613316,228,"B",9,781,8083,645,10.35,"SbIII",0,333,7750,9.92317541613316,"EXP 4",100,100,82.8001510455329,82.8001510455329
"C67",4.14980158730159,37,"B",8,1008,4214,490,4.181,"SbIII",0,31,4183,4.14980158730159,"EXP 1",100,100,78.7895979652534,78.7895979652534
"C67",4.14980158730159,38,"C",8,799,4559,463,5.706,"SbIII",10,12,4547,5.69086357947434,"EXP 1",137.135799381069,120.366763227519,100,113.931616755244
"C67",4.14980158730159,39,"D",8,453,688,197,1.519,"SbIII",25,8,680,1.50110375275938,"EXP 1",36.172904202282,61.4101211109354,38.6012363406976,22.7376008869824
"C67",4.14980158730159,40,"E",8,527,1064,273,2.019,"SbIII",35,21,1043,1.97912713472486,"EXP 1",47.6920906479239,42.545967111958,18.9556851112781,21.2484593484887
"C67",4.14980158730159,41,"F",8,326,701,136,2.15,"SbIII",65,15,686,2.10429447852761,"EXP 1",50.7083154280619,43.5414992385314,19.9924544990911,23.2831598968911
"C67",4.14980158730159,42,"G",8,257,337,84,1.311,"SbIII",100,16,321,1.24902723735409,"EXP 1",30.0984808810165,24.3442399667412,0,0
"C67",6.07692307692308,97,"B",8,221,1347,152,6.095,"SbIII",0,4,1343,6.07692307692308,"EXP 2",100,100,78.7895979652534,78.7895979652534
"C67",6.07692307692308,98,"C",8,148,1123,104,7.588,"SbIII",10,3,1120,7.56756756756757,"EXP 2",124.529592884023,120.366763227519,100,103.458454431175
"C67",6.07692307692308,99,"D",8,33,114,17,3.455,"SbIII",25,6,108,3.27272727272727,"EXP 2",53.8550057537399,61.4101211109354,38.6012363406976,33.8522342510013
"C67",6.07692307692308,100,"E",8,65,169,35,2.6,"SbIII",35,7,162,2.49230769230769,"EXP 2",41.012658227848,42.545967111958,18.9556851112781,18.2725435033078
"C67",6.07692307692308,101,"F",8,45,17,7,0.3778,"SbIII",65,1,16,0.355555555555556,"EXP 2",5.85091420534459,43.5414992385314,19.9924544990911,2.68649766485126
"C67",6.07692307692308,102,"G",8,78,37,19,0.4744,"SbIII",100,3,34,0.435897435897436,"EXP 2",7.17299578059071,24.3442399667412,0,0
"C67",5.29158512720157,169,"B",10,1533,8470,1042,5.525,"SbIII",0,358,8112,5.29158512720157,"EXP 3",100,100,78.7895979652534,78.7895979652534
"C67",5.29158512720157,170,"C",10,1712,9444,1102,5.516,"SbIII",10,436,9008,5.26168224299065,"EXP 3",99.4348974174638,120.366763227519,100,82.60992881358
"C67",5.29158512720157,171,"D",10,1133,4801,770,4.237,"SbIII",25,437,4364,3.85172109443954,"EXP 3",72.7895517477294,61.4101211109354,38.6012363406976,45.7541304156002
"C67",5.29158512720157,172,"E",10,723,2834,475,3.92,"SbIII",35,448,2386,3.30013831258645,"EXP 3",62.365779501911,42.545967111958,18.9556851112781,27.786090156248
"C67",5.29158512720157,173,"F",10,698,4073,512,5.835,"SbIII",65,188,3885,5.56590257879656,"EXP 3",105.18403172208,43.5414992385314,19.9924544990911,48.2961543587301
"C67",5.29158512720157,174,"G",10,380,1122,240,2.953,"SbIII",100,225,897,2.36052631578947,"EXP 3",44.6090587044533,24.3442399667412,0,0
"C67",11.72157564906,181,"B",2,1117,13426,953,12.02,"SbIII",0,333,13093,11.72157564906,"EXP 4",100,100,78.7895979652534,78.7895979652534
"C67",11.72157564906,183,"D",2,490,5024,411,10.25,"SbIII",25,267,4757,9.70816326530612,"EXP 4",82.8230227399902,61.4101211109354,38.6012363406976,52.0609798092066
"C67",11.72157564906,184,"E",2,104,269,64,2.587,"SbIII",35,36,233,2.24038461538462,"EXP 4",19.1133400701491,42.545967111958,18.9556851112781,8.5156474370679
"C67",11.72157564906,185,"F",2,114,209,64,1.833,"SbIII",65,43,166,1.45614035087719,"EXP 4",12.4227355986391,43.5414992385314,19.9924544990911,5.70400607589204
"C67",11.72157564906,186,"G",2,207,457,126,2.208,"SbIII",100,81,376,1.81642512077295,"EXP 4",15.4964245009042,24.3442399667412,0,0
"C73",10.0798479087452,43,"G",9,455,544,147,1.196,"SbIII",100,16,528,1.16043956043956,"EXP 1",11.5124709315581,7.30095891082097,0,0
"C73",10.0798479087452,44,"F",9,306,1032,178,3.373,"SbIII",65,15,1017,3.32352941176471,"EXP 1",32.9720194377262,25.0304292861862,16.7900244415064,22.1171201626481
"C73",10.0798479087452,45,"E",9,448,3913,300,8.734,"SbIII",35,21,3892,8.6875,"EXP 1",86.1868162957379,58.9101541082074,48.8745366006311,71.5044930930005
"C73",10.0798479087452,46,"D",9,597,4660,434,7.806,"SbIII",25,8,4652,7.79229480737018,"EXP 1",77.3056783982786,64.871353318841,54.5198648776844,64.9700511077171
"C73",10.0798479087452,47,"C",9,789,12490,602,15.83,"SbIII",10,12,12478,15.8149556400507,"EXP 1",156.896768515027,112.896221366404,100,138.97433113002
"C73",10.0798479087452,48,"B",9,1052,10635,612,10.11,"SbIII",0,31,10604,10.0798479087452,"EXP 1",100,100,87.7871212528795,87.7871212528795
"C73",8.51082251082251,109,"B",10,231,1970,168,8.528,"SbIII",0,4,1966,8.51082251082251,"EXP 2",100,100,87.7871212528795,87.7871212528795
"C73",8.51082251082251,110,"C",10,115,591,83,5.139,"SbIII",10,3,588,5.11304347826087,"EXP 2",60.0769605024548,112.896221366404,100,53.2143235400903
"C73",8.51082251082251,111,"D",10,108,483,72,4.472,"SbIII",25,6,477,4.41666666666667,"EXP 2",51.8947100712106,64.871353318841,54.5198648776844,43.6138979102703
"C73",8.51082251082251,112,"E",10,98,255,49,2.602,"SbIII",35,7,248,2.53061224489796,"EXP 2",29.7340502833891,58.9101541082074,48.8745366006311,24.6687171483403
"C73",8.51082251082251,113,"F",10,62,99,29,1.597,"SbIII",65,1,98,1.58064516129032,"EXP 2",18.5721786499524,25.0304292861862,16.7900244415064,12.4579299020179
"C73",8.51082251082251,114,"G",10,49,76,17,1.551,"SbIII",100,3,73,1.48979591836735,"EXP 2",17.5047231507049,7.30095891082097,0,0
"C73",6.1232725262576,127,"G",3,175,227,76,1.297,"SbIII",100,225,2,0.0114285714285714,"EXP 3",0.186641561020905,7.30095891082097,0,0
"C73",6.1232725262576,128,"F",3,456,1430,258,3.136,"SbIII",65,188,1242,2.72368421052632,"EXP 3",44.4808588683047,25.0304292861862,16.7900244415064,29.8370714716506
"C73",6.1232725262576,129,"E",3,817,4420,523,5.41,"SbIII",35,448,3972,4.86168910648715,"EXP 3",79.3969088528957,58.9101541082074,48.8745366006311,65.8712778204597
"C73",6.1232725262576,130,"D",3,1023,4544,670,4.442,"SbIII",25,437,4107,4.01466275659824,"EXP 3",65.5640058380989,64.871353318841,54.5198648776844,55.1019911911516
"C73",6.1232725262576,131,"C",3,1516,9937,1002,6.555,"SbIII",10,436,9501,6.26715039577836,"EXP 3",102.349689139325,112.896221366404,100,90.6582061831367
"C73",6.1232725262576,132,"B",3,1809,11435,1184,6.321,"SbIII",0,358,11077,6.1232725262576,"EXP 3",100,100,87.7871212528795,87.7871212528795
"C73",12.8959167333867,211,"G",7,67,69,35,1.03,"SbIII",100,81,0,0,"EXP 4",0,7.30095891082097,0,0
"C73",12.8959167333867,212,"F",7,53,71,24,1.34,"SbIII",65,43,28,0.528301886792453,"EXP 4",4.09666018876125,25.0304292861862,16.7900244415064,2.74797622970884
"C73",12.8959167333867,213,"E",7,90,504,66,5.6,"SbIII",35,36,468,5.2,"EXP 4",40.3228410008071,58.9101541082074,48.8745366006311,33.4536583407241
"C73",12.8959167333867,214,"D",7,358,3255,307,9.092,"SbIII",25,267,2988,8.3463687150838,"EXP 4",64.721018967776,64.871353318841,54.5198648776844,54.3935193015985
"C73",12.8959167333867,215,"C",7,1509,26124,1320,17.31,"SbIII",10,386,25738,17.0563286944997,"EXP 4",132.261467308811,112.896221366404,100,117.153139146754
"C73",12.8959167333867,216,"B",7,1249,16440,1067,13.16,"SbIII",0,333,16107,12.8959167333867,"EXP 4",100,100,87.7871212528795,87.7871212528795
"C85",6.00599400599401,55,"G",11,463,738,158,1.594,"SbIII",100,16,722,1.55939524838013,"EXP 1",25.9639827616186,24.2299565769273,0,0
"C85",6.00599400599401,56,"F",11,426,1186,141,2.784,"SbIII",65,15,1171,2.74882629107981,"EXP 1",45.7680491911325,42.2020409392945,23.7192478061779,25.7234881585791
"C85",6.00599400599401,57,"E",11,643,3447,389,5.361,"SbIII",35,21,3426,5.32814930015552,"EXP 1",88.7138630980651,73.5014213936841,65.0276317536769,78.4862702190246
"C85",6.00599400599401,58,"D",11,651,1457,276,2.238,"SbIII",25,8,1449,2.2258064516129,"EXP 1",37.0597514648122,66.4489912459775,55.7199557525845,31.0759828418933
"C85",6.00599400599401,59,"C",11,972,2863,417,2.945,"SbIII",10,12,2851,2.93312757201646,"EXP 1",48.8366716498416,85.4499083283658,80.7970392858405,46.1774454188863
"C85",6.00599400599401,60,"B",11,1001,6043,581,6.037,"SbIII",0,31,6012,6.00599400599401,"EXP 1",100,100,100,100
"C85",30.3966244725738,115,"G",11,59,101,25,1.712,"SbIII",100,3,98,1.66101694915254,"EXP 2",5.46447830301433,24.2299565769273,0,0
"C85",30.3966244725738,116,"F",11,103,669,62,6.495,"SbIII",65,1,668,6.48543689320388,"EXP 2",21.3360430828612,42.2020409392945,23.7192478061779,11.9917160834386
"C85",30.3966244725738,117,"E",11,105,1139,72,10.85,"SbIII",35,7,1132,10.7809523809524,"EXP 2",35.4675973665425,73.5014213936841,65.0276317536769,31.3786293789604
"C85",30.3966244725738,118,"D",11,189,2219,133,11.74,"SbIII",25,6,2213,11.7089947089947,"EXP 2",38.5207071908904,66.4489912459775,55.7199557525845,32.3010486688857
"C85",30.3966244725738,119,"C",11,213,2689,162,12.62,"SbIII",10,3,2686,12.6103286384977,"EXP 2",41.4859506846746,85.4499083283658,80.7970392858405,39.2269816650861
"C85",30.3966244725738,120,"B",11,237,7208,209,30.41,"SbIII",0,4,7204,30.3966244725738,"EXP 2",100,100,100,100
"C85",4.95452054794521,151,"G",7,659,1984,389,3.011,"SbIII",100,225,1759,2.66919575113809,"EXP 3",53.8739465364633,24.2299565769273,0,0
"C85",4.95452054794521,152,"F",7,757,2804,527,3.704,"SbIII",65,188,2616,3.4557463672391,"EXP 3",69.749359878471,42.2020409392945,23.7192478061779,39.2019512435313
"C85",4.95452054794521,153,"E",7,660,3242,467,4.912,"SbIII",35,448,2794,4.23333333333333,"EXP 3",85.4438546044384,73.5014213936841,65.0276317536769,75.593252585855
"C85",4.95452054794521,154,"D",7,1539,7830,1025,5.088,"SbIII",25,437,7393,4.80376868096166,"EXP 3",96.957286471522,66.4489912459775,55.7199557525845,81.3022983612397
"C85",4.95452054794521,155,"C",7,1968,11484,1227,5.835,"SbIII",10,436,11048,5.61382113821138,"EXP 3",113.307051285509,85.4499083283658,80.7970392858405,107.137321188196
"C85",4.95452054794521,156,"B",7,1825,9400,1120,5.151,"SbIII",0,358,9042,4.95452054794521,"EXP 3",100,100,100,100
"C85",8.53090909090909,205,"B",6,1650,14409,1297,8.733,"SbIII",0,333,14076,8.53090909090909,"EXP 4",100,100,100,100
"C85",8.53090909090909,206,"C",6,1588,19104,1306,12.03,"SbIII",10,386,18718,11.7871536523929,"EXP 4",138.169959693438,85.4499083283658,80.7970392858405,130.646408871194
"C85",8.53090909090909,207,"D",6,407,3505,334,8.612,"SbIII",25,267,3238,7.95577395577396,"EXP 4",93.2582198566854,66.4489912459775,55.7199557525845,78.2004931383194
"C85",8.53090909090909,208,"E",6,126,943,104,7.484,"SbIII",35,36,907,7.1984126984127,"EXP 4",84.3803705056902,73.5014213936841,65.0276317536769,74.6523748308674
"C85",8.53090909090909,209,"F",6,73,242,41,3.315,"SbIII",65,43,199,2.72602739726027,"EXP 4",31.9547116047133,42.2020409392945,23.7192478061779,17.9598357391626
"C85",8.53090909090909,210,"G",6,112,192,59,1.714,"SbIII",100,81,111,0.991071428571429,"EXP 4",11.6174187066131,24.2299565769273,0,0
